priority,symbol,identifier,open,dayHigh,dayLow,lastPrice,previousClose,change,pChange,ffmc,yearHigh,yearLow,totalTradedVolume,stockIndClosePrice,totalTradedValue,lastUpdateTime,nearWKH,nearWKL,perChange365d,perChange30d,date365dAgo,date30dAgo,chartTodayPath,chart30dPath,chart365dPath,series,meta
0,LT,LTEQN,3696.0,3697.0,3424.5,3445.0,3719.5,-274.5,-7.38,4034617386783.66,4440.0,2965.3,10778730,0,37845953414.1,,22.40990990990991,-16.177115300306877,8.09,-17.46,13-Mar-2025,13-Feb-2026,https://nsearchives.nseindia.com/today/LTEQN.svg,https://nsearchives.nseindia.com/30d/LT-EQ.svg,https://nsearchives.nseindia.com/365d/LT-EQ.svg,EQ,"{'symbol': 'LT', 'companyName': 'Larsen & Toubro Limited', 'industry': 'Civil Construction', 'activeSeries': ['EQ'], 'debtSeries': [], 'isFNOSec': True, 'isCASec': False, 'isSLBSec': True, 'isDebtSec': True, 'isSuspended': False, 'tempSuspendedSeries': [], 'isETFSec': False, 'isDelisted': False, 'isin': 'INE018A01030', 'slb_isin': 'INE018A01030', 'listingDate': '2004-06-23', 'isMunicipalBond': False, 'isHybridSymbol': False, 'segment': 'EQUITY', 'quotepreopenstatus': {'equityTime': '13-Mar-2026 16:00:00', 'preOpenTime': '13-Mar-2026 09:07:56', 'QuotePreOpenFlag': False}}"
0,HDFCBANK,HDFCBANKEQN,820.0,823.8,812.0,816.7,832.75,-16.05,-1.93,12462813429529.47,1020.5,812.0,41700464,0,34099720426.72,,19.97060264576188,-0.5788177339901533,-4.29,-9.65,13-Mar-2025,13-Feb-2026,https://nsearchives.nseindia.com/today/HDFCBANKEQN.svg,https://nsearchives.nseindia.com/30d/HDFCBANK-EQ.svg,https://nsearchives.nseindia.com/365d/HDFCBANK-EQ.svg,EQ,"{'symbol': 'HDFCBANK', 'companyName': 'HDFC Bank Limited', 'industry': 'Private Sector Bank', 'activeSeries': ['EQ', 'T0'], 'debtSeries': [], 'isFNOSec': True, 'isCASec': False, 'isSLBSec': True, 'isDebtSec': True, 'isSuspended': False, 'tempSuspendedSeries': ['W3', 'IL'], 'isETFSec': False, 'isDelisted': False, 'isin': 'INE040A01034', 'slb_isin': 'INE040A01034', 'listingDate': '1995-11-08', 'isMunicipalBond': False, 'isHybridSymbol': False, 'segment': 'EQUITY', 'quotepreopenstatus': {'equityTime': '13-Mar-2026 16:00:00', 'preOpenTime': '13-Mar-2026 09:07:56', 'QuotePreOpenFlag': False}}"
0,RELIANCE,RELIANCEEQN,1385.2,1400.8,1378.4,1382.1,1392.2,-10.1,-0.73,9305923221791.44,1611.8,1114.85,17265090,0,23968088541.6,,14.251147785085001,-23.971834775978834,10.75,-2.64,13-Mar-2025,13-Feb-2026,https://nsearchives.nseindia.com/today/RELIANCEEQN.svg,https://nsearchives.nseindia.com/30d/RELIANCE-EQ.svg,https://nsearchives.nseindia.com/365d/RELIANCE-EQ.svg,EQ,"{'symbol': 'RELIANCE', 'companyName': 'Reliance Industries Limited', 'industry': 'Refineries & Marketing', 'activeSeries': ['EQ', 'T0'], 'debtSeries': [], 'isFNOSec': True, 'isCASec': False, 'isSLBSec': True, 'isDebtSec': False, 'isSuspended': False, 'tempSuspendedSeries': [], 'isETFSec': False, 'isDelisted': False, 'isin': 'INE002A01018', 'slb_isin': 'INE002A01018', 'listingDate': '1995-11-29', 'isMunicipalBond': False, 'isHybridSymbol': False, 'segment': 'EQUITY', 'quotepreopenstatus': {'equityTime': '13-Mar-2026 16:00:00', 'preOpenTime': '13-Mar-2026 09:07:56', 'QuotePreOpenFlag': False}}"
0,ICICIBANK,ICICIBANKEQN,1251.9,1262.3,1248.7,1255.0,1266.5,-11.5,-0.91,8949033889593.13,1500.0,1235.3,17344394,0,21764092479.08,,16.333333333333332,-1.5947543106937623,0.4,-11.28,13-Mar-2025,13-Feb-2026,https://nsearchives.nseindia.com/today/ICICIBANKEQN.svg,https://nsearchives.nseindia.com/30d/ICICIBANK-EQ.svg,https://nsearchives.nseindia.com/365d/ICICIBANK-EQ.svg,EQ,"{'symbol': 'ICICIBANK', 'companyName': 'ICICI Bank Limited', 'industry': 'Private Sector Bank', 'activeSeries': ['EQ', 'T0'], 'debtSeries': [], 'isFNOSec': True, 'isCASec': False, 'isSLBSec': True, 'isDebtSec': True, 'isSuspended': False, 'tempSuspendedSeries': ['E2', 'IL'], 'isETFSec': False, 'isDelisted': False, 'isin': 'INE090A01021', 'slb_isin': 'INE090A01021', 'listingDate': '1997-09-17', 'isMunicipalBond': False, 'isHybridSymbol': False, 'segment': 'EQUITY', 'quotepreopenstatus': {'equityTime': '13-Mar-2026 16:00:00', 'preOpenTime': '13-Mar-2026 09:07:56', 'QuotePreOpenFlag': False}}"
0,M&M,M&MEQN,2965.0,3025.0,2922.6,2940.0,3031.2,-91.2,-3.01,2617198997714.27,3839.9,2425.0,7217643,0,21449030585.25,,23.435506132972215,-21.237113402061855,11.22,-16.79,13-Mar-2025,13-Feb-2026,https://nsearchives.nseindia.com/today/M&MEQN.svg,https://nsearchives.nseindia.com/30d/M&M-EQ.svg,https://nsearchives.nseindia.com/365d/M&M-EQ.svg,EQ,"{'symbol': 'M&M', 'companyName': 'Mahindra & Mahindra Limited', 'industry': 'Passenger Cars & Utility Vehicles', 'activeSeries': ['EQ', 'T0'], 'debtSeries': [], 'isFNOSec': True, 'isCASec': False, 'isSLBSec': True, 'isDebtSec': False, 'isSuspended': False, 'tempSuspendedSeries': [], 'isETFSec': False, 'isDelisted': False, 'isin': 'INE101A01026', 'slb_isin': 'INE101A01026', 'listingDate': '1996-01-03', 'isMunicipalBond': False, 'isHybridSymbol': False, 'segment': 'EQUITY', 'quotepreopenstatus': {'equityTime': '13-Mar-2026 16:00:00', 'preOpenTime': '13-Mar-2026 09:07:56', 'QuotePreOpenFlag': False}}"
0,SBIN,SBINEQN,1077.5,1081.3,1042.3,1046.0,1085.2,-39.2,-3.61,4327839189527.09,1234.7,719.05,15978675,0,16881310350.75,,15.28306471207581,-45.4697169876921,43.71,-12.73,13-Mar-2025,13-Feb-2026,https://nsearchives.nseindia.com/today/SBINEQN.svg,https://nsearchives.nseindia.com/30d/SBIN-EQ.svg,https://nsearchives.nseindia.com/365d/SBIN-EQ.svg,EQ,"{'symbol': 'SBIN', 'companyName': 'State Bank of India', 'industry': 'Public Sector Bank', 'activeSeries': ['EQ', 'T0'], 'debtSeries': [], 'isFNOSec': True, 'isCASec': False, 'isSLBSec': True, 'isDebtSec': True, 'isSuspended': False, 'tempSuspendedSeries': ['N1', 'N3', 'N4', 'IL', 'N2', 'N5', 'N6'], 'isETFSec': False, 'isDelisted': False, 'isin': 'INE062A01020', 'slb_isin': 'INE062A01020', 'listingDate': '1995-03-01', 'isMunicipalBond': False, 'isHybridSymbol': False, 'segment': 'EQUITY', 'quotepreopenstatus': {'equityTime': '13-Mar-2026 16:00:00', 'preOpenTime': '13-Mar-2026 09:07:56', 'QuotePreOpenFlag': False}}"
0,BHARTIARTL,BHARTIARTLEQN,1781.1,1816.0,1776.6,1803.0,1801.3,1.7,0.09,5009983376232.41,2174.5,1612.2,8970772,0,16188475735.76,,17.084387215451827,-11.834759955340527,10.44,-10.06,13-Mar-2025,13-Feb-2026,https://nsearchives.nseindia.com/today/BHARTIARTLEQN.svg,https://nsearchives.nseindia.com/30d/BHARTIARTL-EQ.svg,https://nsearchives.nseindia.com/365d/BHARTIARTL-EQ.svg,EQ,"{'symbol': 'BHARTIARTL', 'companyName': 'Bharti Airtel Limited', 'industry': 'Telecom - Cellular & Fixed line services', 'activeSeries': ['EQ', 'T0'], 'debtSeries': [], 'isFNOSec': True, 'isCASec': False, 'isSLBSec': True, 'isDebtSec': False, 'isSuspended': False, 'tempSuspendedSeries': ['IL'], 'isETFSec': False, 'isDelisted': False, 'isin': 'INE397D01024', 'slb_isin': 'INE397D01024', 'listingDate': '2002-02-15', 'isMunicipalBond': False, 'isHybridSymbol': False, 'segment': 'EQUITY', 'quotepreopenstatus': {'equityTime': '13-Mar-2026 16:00:00', 'preOpenTime': '13-Mar-2026 09:07:56', 'QuotePreOpenFlag': False}}"
0,ETERNAL,ETERNALEQN,220.9,222.99,214.28,217.0,221.17,-4.17,-1.89,1554737845042.75,368.45,194.8,65462174,0,14193508566.68,,41.10462749355408,-11.396303901437367,7.73,-23.91,13-Mar-2025,13-Feb-2026,https://nsearchives.nseindia.com/today/ETERNALEQN.svg,https://nsearchives.nseindia.com/30d/ETERNAL-EQ.svg,https://nsearchives.nseindia.com/365d/ETERNAL-EQ.svg,EQ,"{'symbol': 'ETERNAL', 'companyName': 'ETERNAL LIMITED', 'industry': 'E-Retail/ E-Commerce', 'activeSeries': ['EQ', 'T0'], 'debtSeries': [], 'isFNOSec': True, 'isCASec': False, 'isSLBSec': True, 'isDebtSec': False, 'isSuspended': False, 'tempSuspendedSeries': [], 'isETFSec': False, 'isDelisted': False, 'isin': 'INE758T01015', 'slb_isin': 'INE758T01015', 'listingDate': '2021-07-23', 'isMunicipalBond': False, 'isHybridSymbol': False, 'segment': 'EQUITY', 'quotepreopenstatus': {'equityTime': '13-Mar-2026 16:00:00', 'preOpenTime': '13-Mar-2026 09:07:56', 'QuotePreOpenFlag': False}}"
0,MARUTI,MARUTIEQN,12899.0,12962.0,12483.0,12615.0,13011.0,-396.0,-3.04,1650739540199.78,17370.0,11059.45,939594,0,11863548742.5,,27.374784110535405,-14.065346830086481,9.56,-17.21,13-Mar-2025,13-Feb-2026,https://nsearchives.nseindia.com/today/MARUTIEQN.svg,https://nsearchives.nseindia.com/30d/MARUTI-EQ.svg,https://nsearchives.nseindia.com/365d/MARUTI-EQ.svg,EQ,"{'symbol': 'MARUTI', 'companyName': 'Maruti Suzuki India Limited', 'industry': 'Passenger Cars & Utility Vehicles', 'activeSeries': ['EQ'], 'debtSeries': [], 'isFNOSec': True, 'isCASec': False, 'isSLBSec': True, 'isDebtSec': False, 'isSuspended': False, 'tempSuspendedSeries': ['IL'], 'isETFSec': False, 'isDelisted': False, 'isin': 'INE585B01010', 'slb_isin': 'INE585B01010', 'listingDate': '2003-07-09', 'isMunicipalBond': False, 'isHybridSymbol': False, 'segment': 'EQUITY', 'quotepreopenstatus': {'equityTime': '13-Mar-2026 16:00:00', 'preOpenTime': '13-Mar-2026 09:07:56', 'QuotePreOpenFlag': False}}"
0,KOTAKBANK,KOTAKBANKEQN,373.0,373.6,363.4,367.1,375.3,-8.2,-2.18,2692125247413.52,460.38,363.4,32179473,0,11844942216.57,,20.26152308962161,-1.0181618051733752,-7.54,-12.73,13-Mar-2025,13-Feb-2026,https://nsearchives.nseindia.com/today/KOTAKBANKEQN.svg,https://nsearchives.nseindia.com/30d/KOTAKBANK-EQ.svg,https://nsearchives.nseindia.com/365d/KOTAKBANK-EQ.svg,EQ,"{'symbol': 'KOTAKBANK', 'companyName': 'Kotak Mahindra Bank Limited', 'industry': 'Private Sector Bank', 'activeSeries': ['EQ', 'T0'], 'debtSeries': [], 'isFNOSec': True, 'isCASec': False, 'isSLBSec': True, 'isDebtSec': False, 'isSuspended': False, 'tempSuspendedSeries': ['IL'], 'isETFSec': False, 'isDelisted': False, 'isin': 'INE237A01036', 'slb_isin': 'INE237A01036', 'listingDate': '1995-12-20', 'isMunicipalBond': False, 'isHybridSymbol': False, 'segment': 'EQUITY', 'quotepreopenstatus': {'equityTime': '13-Mar-2026 16:00:00', 'preOpenTime': '13-Mar-2026 09:07:56', 'QuotePreOpenFlag': False}}"
0,AXISBANK,AXISBANKEQN,1224.0,1234.5,1194.3,1199.1,1234.5,-35.4,-2.87,3430085091770.09,1418.3,999.2,9098187,0,10977235561.11,,15.455122329549464,-20.00600480384306,18.7,-10.0,13-Mar-2025,13-Feb-2026,https://nsearchives.nseindia.com/today/AXISBANKEQN.svg,https://nsearchives.nseindia.com/30d/AXISBANK-EQ.svg,https://nsearchives.nseindia.com/365d/AXISBANK-EQ.svg,EQ,"{'symbol': 'AXISBANK', 'companyName': 'Axis Bank Limited', 'industry': 'Private Sector Bank', 'activeSeries': ['EQ'], 'debtSeries': [], 'isFNOSec': True, 'isCASec': False, 'isSLBSec': True, 'isDebtSec': True, 'isSuspended': False, 'tempSuspendedSeries': ['IL'], 'isETFSec': False, 'isDelisted': False, 'isin': 'INE238A01034', 'slb_isin': 'INE238A01034', 'listingDate': '1998-11-16', 'isMunicipalBond': False, 'isHybridSymbol': False, 'segment': 'EQUITY', 'quotepreopenstatus': {'equityTime': '13-Mar-2026 16:00:00', 'preOpenTime': '13-Mar-2026 09:07:56', 'QuotePreOpenFlag': False}}"
0,NTPC,NTPCEQN,391.85,394.5,383.2,384.05,390.55,-6.5,-1.66,1815671972794.91,394.5,315.55,27107369,0,10535007888.16,,2.6489226869454976,-21.708128664237044,15.71,5.8,13-Mar-2025,13-Feb-2026,https://nsearchives.nseindia.com/today/NTPCEQN.svg,https://nsearchives.nseindia.com/30d/NTPC-EQ.svg,https://nsearchives.nseindia.com/365d/NTPC-EQ.svg,EQ,"{'symbol': 'NTPC', 'companyName': 'NTPC Limited', 'industry': 'Power Generation', 'activeSeries': ['EQ', 'T0'], 'debtSeries': [], 'isFNOSec': True, 'isCASec': False, 'isSLBSec': True, 'isDebtSec': True, 'isSuspended': False, 'tempSuspendedSeries': ['N1', 'N4', 'U1', 'U4'], 'isETFSec': False, 'isDelisted': False, 'isin': 'INE733E01010', 'slb_isin': 'INE733E01010', 'listingDate': '2004-11-05', 'isMunicipalBond': False, 'isHybridSymbol': False, 'segment': 'EQUITY', 'quotepreopenstatus': {'equityTime': '13-Mar-2026 16:00:00', 'preOpenTime': '13-Mar-2026 09:07:56', 'QuotePreOpenFlag': False}}"
0,HINDALCO,HINDALCOEQN,967.0,968.15,904.3,910.9,969.75,-58.85,-6.07,1314209972727.57,1029.8,546.45,10347187,0,9525309936.59,,11.545931248786172,-66.69411657059199,34.48,0.21,13-Mar-2025,13-Feb-2026,https://nsearchives.nseindia.com/today/HINDALCOEQN.svg,https://nsearchives.nseindia.com/30d/HINDALCO-EQ.svg,https://nsearchives.nseindia.com/365d/HINDALCO-EQ.svg,EQ,"{'symbol': 'HINDALCO', 'companyName': 'Hindalco Industries Limited', 'industry': 'Aluminium', 'activeSeries': ['EQ', 'T0'], 'debtSeries': [], 'isFNOSec': True, 'isCASec': False, 'isSLBSec': True, 'isDebtSec': False, 'isSuspended': False, 'tempSuspendedSeries': ['E1', 'E2', 'P1'], 'isETFSec': False, 'isDelisted': False, 'isin': 'INE038A01020', 'slb_isin': 'INE038A01020', 'listingDate': '1997-01-08', 'isMunicipalBond': False, 'isHybridSymbol': False, 'segment': 'EQUITY', 'quotepreopenstatus': {'equityTime': '13-Mar-2026 16:00:00', 'preOpenTime': '13-Mar-2026 09:07:56', 'QuotePreOpenFlag': False}}"
0,COALINDIA,COALINDIAEQN,473.0,476.0,462.3,466.5,470.1,-3.6,-0.77,1056291823211.01,476.0,356.0,20216953,0,9458905800.11,,1.995798319327731,-31.03932584269663,23.31,14.07,13-Mar-2025,13-Feb-2026,https://nsearchives.nseindia.com/today/COALINDIAEQN.svg,https://nsearchives.nseindia.com/30d/COALINDIA-EQ.svg,https://nsearchives.nseindia.com/365d/COALINDIA-EQ.svg,EQ,"{'symbol': 'COALINDIA', 'companyName': 'Coal India Limited', 'industry': 'Coal', 'activeSeries': ['EQ', 'T0'], 'debtSeries': [], 'isFNOSec': True, 'isCASec': False, 'isSLBSec': True, 'isDebtSec': False, 'isSuspended': False, 'tempSuspendedSeries': [], 'isETFSec': False, 'isDelisted': False, 'isin': 'INE522F01014', 'slb_isin': 'INE522F01014', 'listingDate': '2010-11-04', 'isMunicipalBond': False, 'isHybridSymbol': False, 'segment': 'EQUITY', 'quotepreopenstatus': {'equityTime': '13-Mar-2026 16:00:00', 'preOpenTime': '13-Mar-2026 09:07:56', 'QuotePreOpenFlag': False}}"
0,INFY,INFYEQN,1251.0,1269.6,1242.6,1250.4,1265.8,-15.4,-1.22,4368567091114.75,1728.0,1242.6,7366098,0,9234287774.76,,27.638888888888886,-0.6277160791888123,-20.85,-8.67,13-Mar-2025,13-Feb-2026,https://nsearchives.nseindia.com/today/INFYEQN.svg,https://nsearchives.nseindia.com/30d/INFY-EQ.svg,https://nsearchives.nseindia.com/365d/INFY-EQ.svg,EQ,"{'symbol': 'INFY', 'companyName': 'Infosys Limited', 'industry': 'Computers - Software & Consulting', 'activeSeries': ['EQ', 'T0'], 'debtSeries': [], 'isFNOSec': True, 'isCASec': False, 'isSLBSec': True, 'isDebtSec': False, 'isSuspended': False, 'tempSuspendedSeries': [], 'isETFSec': False, 'isDelisted': False, 'isin': 'INE009A01021', 'slb_isin': 'INE009A01021', 'listingDate': '1995-02-08', 'isMunicipalBond': False, 'isHybridSymbol': False, 'segment': 'EQUITY', 'quotepreopenstatus': {'equityTime': '13-Mar-2026 16:00:00', 'preOpenTime': '13-Mar-2026 09:07:56', 'QuotePreOpenFlag': False}}"
0,BEL,BELEQN,451.9,452.4,433.65,439.0,453.55,-14.55,-3.21,1568003785639.25,473.45,256.2,19502809,0,8576750313.93,,7.276375541239833,-71.35050741608119,56.75,0.79,13-Mar-2025,13-Feb-2026,https://nsearchives.nseindia.com/today/BELEQN.svg,https://nsearchives.nseindia.com/30d/BEL-EQ.svg,https://nsearchives.nseindia.com/365d/BEL-EQ.svg,EQ,"{'symbol': 'BEL', 'companyName': 'Bharat Electronics Limited', 'industry': 'Aerospace & Defense', 'activeSeries': ['EQ', 'T0'], 'debtSeries': [], 'isFNOSec': True, 'isCASec': False, 'isSLBSec': True, 'isDebtSec': False, 'isSuspended': False, 'tempSuspendedSeries': [], 'isETFSec': False, 'isDelisted': False, 'isin': 'INE263A01024', 'slb_isin': 'INE263A01024', 'listingDate': '2000-07-19', 'isMunicipalBond': False, 'isHybridSymbol': False, 'segment': 'EQUITY', 'quotepreopenstatus': {'equityTime': '13-Mar-2026 16:00:00', 'preOpenTime': '13-Mar-2026 09:07:56', 'QuotePreOpenFlag': False}}"
0,TATASTEEL,TATASTEELEQN,191.95,192.5,182.26,183.01,193.47,-10.46,-5.41,1508475640047.9,216.45,125.3,42683952,0,7921714651.68,,15.44929544929545,-46.05746209098164,21.3,-9.93,13-Mar-2025,13-Feb-2026,https://nsearchives.nseindia.com/today/TATASTEELEQN.svg,https://nsearchives.nseindia.com/30d/TATASTEEL-EQ.svg,https://nsearchives.nseindia.com/365d/TATASTEEL-EQ.svg,EQ,"{'symbol': 'TATASTEEL', 'companyName': 'Tata Steel Limited', 'industry': 'Iron & Steel', 'activeSeries': ['EQ', 'T0'], 'debtSeries': [], 'isFNOSec': True, 'isCASec': False, 'isSLBSec': True, 'isDebtSec': False, 'isSuspended': False, 'tempSuspendedSeries': ['B1', 'E1', 'Q1', 'IL'], 'isETFSec': False, 'isDelisted': False, 'isin': 'INE081A01020', 'slb_isin': 'INE081A01020', 'listingDate': '1998-11-18', 'isMunicipalBond': False, 'isHybridSymbol': False, 'segment': 'EQUITY', 'quotepreopenstatus': {'equityTime': '13-Mar-2026 16:00:00', 'preOpenTime': '13-Mar-2026 09:07:56', 'QuotePreOpenFlag': False}}"
0,ITC,ITCEQN,304.0,306.0,300.65,301.9,304.1,-2.2,-0.72,2901404742622.36,444.2,300.65,25659996,0,7769590188.84,,32.0351193156236,-0.4157658406785299,-26.73,-3.78,13-Mar-2025,13-Feb-2026,https://nsearchives.nseindia.com/today/ITCEQN.svg,https://nsearchives.nseindia.com/30d/ITC-EQ.svg,https://nsearchives.nseindia.com/365d/ITC-EQ.svg,EQ,"{'symbol': 'ITC', 'companyName': 'ITC Limited', 'industry': 'Diversified FMCG', 'activeSeries': ['EQ', 'T0'], 'debtSeries': [], 'isFNOSec': True, 'isCASec': False, 'isSLBSec': True, 'isDebtSec': False, 'isSuspended': False, 'tempSuspendedSeries': [], 'isETFSec': False, 'isDelisted': False, 'isin': 'INE154A01025', 'slb_isin': 'INE154A01025', 'listingDate': '1995-08-23', 'isMunicipalBond': False, 'isHybridSymbol': False, 'segment': 'EQUITY', 'quotepreopenstatus': {'equityTime': '13-Mar-2026 16:00:00', 'preOpenTime': '13-Mar-2026 09:07:56', 'QuotePreOpenFlag': False}}"
0,ULTRACEMCO,ULTRACEMCOEQN,11000.0,11000.0,10573.0,10744.0,11089.0,-345.0,-3.11,1270104799783.02,13110.0,10362.0,723904,0,7763841443.84,,18.047292143401982,-3.6865469986489097,2.79,-17.12,13-Mar-2025,13-Feb-2026,https://nsearchives.nseindia.com/today/ULTRACEMCOEQN.svg,https://nsearchives.nseindia.com/30d/ULTRACEMCO-EQ.svg,https://nsearchives.nseindia.com/365d/ULTRACEMCO-EQ.svg,EQ,"{'symbol': 'ULTRACEMCO', 'companyName': 'UltraTech Cement Limited', 'industry': 'Cement & Cement Products', 'activeSeries': ['EQ', 'T0'], 'debtSeries': [], 'isFNOSec': True, 'isCASec': False, 'isSLBSec': True, 'isDebtSec': True, 'isSuspended': False, 'tempSuspendedSeries': [], 'isETFSec': False, 'isDelisted': False, 'isin': 'INE481G01011', 'slb_isin': 'INE481G01011', 'listingDate': '2004-08-24', 'isMunicipalBond': False, 'isHybridSymbol': False, 'segment': 'EQUITY', 'quotepreopenstatus': {'equityTime': '13-Mar-2026 16:00:00', 'preOpenTime': '13-Mar-2026 09:07:56', 'QuotePreOpenFlag': False}}"
0,INDIGO,INDIGOEQN,4226.0,4234.0,4130.0,4162.0,4251.7,-89.7,-2.11,938378761205.5,6232.5,4035.0,1848484,0,7683870715.4,,33.22101885278781,-3.147459727385378,-11.46,-15.56,13-Mar-2025,13-Feb-2026,https://nsearchives.nseindia.com/today/INDIGOEQN.svg,https://nsearchives.nseindia.com/30d/INDIGO-EQ.svg,https://nsearchives.nseindia.com/365d/INDIGO-EQ.svg,EQ,"{'symbol': 'INDIGO', 'companyName': 'InterGlobe Aviation Limited', 'industry': 'Airline', 'activeSeries': ['EQ', 'T0'], 'debtSeries': [], 'isFNOSec': True, 'isCASec': False, 'isSLBSec': True, 'isDebtSec': False, 'isSuspended': False, 'tempSuspendedSeries': [], 'isETFSec': False, 'isDelisted': False, 'isin': 'INE646L01027', 'slb_isin': 'INE646L01027', 'listingDate': '2015-11-10', 'isMunicipalBond': False, 'isHybridSymbol': False, 'segment': 'EQUITY', 'quotepreopenstatus': {'equityTime': '13-Mar-2026 16:00:00', 'preOpenTime': '13-Mar-2026 09:07:56', 'QuotePreOpenFlag': False}}"
0,POWERGRID,POWERGRIDEQN,308.65,309.5,298.7,301.0,303.6,-2.6,-0.86,1359568311653.9,322.0,250.0,23615092,0,7147107593.8,,6.521739130434782,-20.4,12.46,4.81,13-Mar-2025,13-Feb-2026,https://nsearchives.nseindia.com/today/POWERGRIDEQN.svg,https://nsearchives.nseindia.com/30d/POWERGRID-EQ.svg,https://nsearchives.nseindia.com/365d/POWERGRID-EQ.svg,EQ,"{'symbol': 'POWERGRID', 'companyName': 'Power Grid Corporation of India Limited', 'industry': 'Power - Transmission', 'activeSeries': ['EQ'], 'debtSeries': [], 'isFNOSec': True, 'isCASec': False, 'isSLBSec': True, 'isDebtSec': True, 'isSuspended': False, 'tempSuspendedSeries': ['IL'], 'isETFSec': False, 'isDelisted': False, 'isin': 'INE752E01010', 'slb_isin': 'INE752E01010', 'listingDate': '2007-10-05', 'isMunicipalBond': False, 'isHybridSymbol': False, 'segment': 'EQUITY', 'quotepreopenstatus': {'equityTime': '13-Mar-2026 16:00:00', 'preOpenTime': '13-Mar-2026 09:07:56', 'QuotePreOpenFlag': False}}"
0,SHRIRAMFIN,SHRIRAMFINEQN,1021.3,1028.0,994.7,1005.9,1031.7,-25.8,-2.5,1404989458263.4,1108.0,566.5,6562852,0,6595272488.88,,9.214801444043323,-77.5639894086496,62.36,-5.62,13-Mar-2025,13-Feb-2026,https://nsearchives.nseindia.com/today/SHRIRAMFINEQN.svg,https://nsearchives.nseindia.com/30d/SHRIRAMFIN-EQ.svg,https://nsearchives.nseindia.com/365d/SHRIRAMFIN-EQ.svg,EQ,"{'symbol': 'SHRIRAMFIN', 'companyName': 'Shriram Finance Limited', 'industry': 'Non Banking Financial Company (NBFC)', 'activeSeries': ['EQ', 'T0'], 'debtSeries': [], 'isFNOSec': True, 'isCASec': False, 'isSLBSec': True, 'isDebtSec': True, 'isSuspended': False, 'tempSuspendedSeries': ['N1', 'N2', 'N3', 'N4', 'N5', 'N6', 'N7', 'N8', 'N9', 'NA', 'NB', 'NC', 'ND', 'NE', 'NF', 'NG', 'NH', 'NI', 'NJ', 'NK', 'NL', 'NM', 'NN', 'NO', 'NP', 'NQ', 'NR', 'NS', 'NT', 'NU', 'NV', 'NW', 'NX', 'NY', 'NZ', 'Y1', 'Y2', 'Y3', 'Y4', 'Y5', 'Y6', 'Y7', 'Y8', 'Y9', 'YA', 'YB', 'YC', 'YD', 'YG', 'YH', 'YJ', 'YK', 'YM', 'YN', 'YO', 'YQ', 'YR', 'YT', 'YU', 'YV', 'YX', 'YY', 'Z1', 'Z2', 'Z3', 'Z6', 'Z7', 'ZA', 'ZD', 'ZG', 'ZJ'], 'isETFSec': False, 'isDelisted': False, 'isin': 'INE721A01047', 'slb_isin': 'INE721A01047', 'listingDate': '1996-12-11', 'isMunicipalBond': False, 'isHybridSymbol': False, 'segment': 'EQUITY', 'quotepreopenstatus': {'equityTime': '13-Mar-2026 16:00:00', 'preOpenTime': '13-Mar-2026 09:07:56', 'QuotePreOpenFlag': False}}"
0,TCS,TCSEQN,2437.0,2445.9,2397.0,2412.0,2442.4,-30.4,-1.24,2456191665923.21,3710.0,2397.0,2466488,0,5964115973.28,,34.98652291105121,-0.6257822277847309,-31.3,-10.41,13-Mar-2025,13-Feb-2026,https://nsearchives.nseindia.com/today/TCSEQN.svg,https://nsearchives.nseindia.com/30d/TCS-EQ.svg,https://nsearchives.nseindia.com/365d/TCS-EQ.svg,EQ,"{'symbol': 'TCS', 'companyName': 'Tata Consultancy Services Limited', 'industry': 'Computers - Software & Consulting', 'activeSeries': ['EQ', 'T0'], 'debtSeries': [], 'isFNOSec': True, 'isCASec': False, 'isSLBSec': True, 'isDebtSec': False, 'isSuspended': False, 'tempSuspendedSeries': [], 'isETFSec': False, 'isDelisted': False, 'isin': 'INE467B01029', 'slb_isin': 'INE467B01029', 'listingDate': '2004-08-25', 'isMunicipalBond': False, 'isHybridSymbol': False, 'segment': 'EQUITY', 'quotepreopenstatus': {'equityTime': '13-Mar-2026 16:00:00', 'preOpenTime': '13-Mar-2026 09:07:56', 'QuotePreOpenFlag': False}}"
0,BAJFINANCE,BAJFINANCEEQN,861.0,868.35,848.8,856.5,863.1,-6.6,-0.76,2267752605520.59,1102.5,827.26,6668639,0,5730428179.09,,22.312925170068027,-3.5345598723496856,1.72,-16.42,13-Mar-2025,13-Feb-2026,https://nsearchives.nseindia.com/today/BAJFINANCEEQN.svg,https://nsearchives.nseindia.com/30d/BAJFINANCE-EQ.svg,https://nsearchives.nseindia.com/365d/BAJFINANCE-EQ.svg,EQ,"{'symbol': 'BAJFINANCE', 'companyName': 'Bajaj Finance Limited', 'industry': 'Non Banking Financial Company (NBFC)', 'activeSeries': ['EQ', 'T0'], 'debtSeries': [], 'isFNOSec': True, 'isCASec': False, 'isSLBSec': True, 'isDebtSec': False, 'isSuspended': False, 'tempSuspendedSeries': ['N1', 'W1'], 'isETFSec': False, 'isDelisted': False, 'isin': 'INE296A01032', 'slb_isin': 'INE296A01032', 'listingDate': '2003-04-01', 'isMunicipalBond': False, 'isHybridSymbol': False, 'segment': 'EQUITY', 'quotepreopenstatus': {'equityTime': '13-Mar-2026 16:00:00', 'preOpenTime': '13-Mar-2026 09:07:56', 'QuotePreOpenFlag': False}}"
0,EICHERMOT,EICHERMOTEQN,6865.0,6942.5,6670.0,6765.0,6975.5,-210.5,-3.02,928623079415.15,8230.0,4935.0,819255,0,5549477711.55,,17.800729040097206,-37.08206686930091,34.89,-16.12,13-Mar-2025,13-Feb-2026,https://nsearchives.nseindia.com/today/EICHERMOTEQN.svg,https://nsearchives.nseindia.com/30d/EICHERMOT-EQ.svg,https://nsearchives.nseindia.com/365d/EICHERMOT-EQ.svg,EQ,"{'symbol': 'EICHERMOT', 'companyName': 'Eicher Motors Limited', 'industry': '2/3 Wheelers', 'activeSeries': ['EQ'], 'debtSeries': [], 'isFNOSec': True, 'isCASec': False, 'isSLBSec': True, 'isDebtSec': False, 'isSuspended': False, 'tempSuspendedSeries': [], 'isETFSec': False, 'isDelisted': False, 'isin': 'INE066A01021', 'slb_isin': 'INE066A01021', 'listingDate': '2004-09-07', 'isMunicipalBond': False, 'isHybridSymbol': False, 'segment': 'EQUITY', 'quotepreopenstatus': {'equityTime': '13-Mar-2026 16:00:00', 'preOpenTime': '13-Mar-2026 09:07:56', 'QuotePreOpenFlag': False}}"
0,TMPV,TMPVEQN,323.0,324.15,308.5,314.2,324.55,-10.35,-3.19,655191305206.79,744.0,308.5,17073811,0,5362713296.99,,57.76881720430107,-1.8476499189627191,-52.07,-17.37,13-Mar-2025,13-Feb-2026,https://nsearchives.nseindia.com/today/TMPVEQN.svg,https://nsearchives.nseindia.com/30d/TMPV-EQ.svg,https://nsearchives.nseindia.com/365d/TMPV-EQ.svg,EQ,"{'symbol': 'TMPV', 'companyName': 'Tata Motors Passenger Vehicles Limited', 'industry': 'Passenger Cars & Utility Vehicles', 'activeSeries': ['EQ', 'T0'], 'debtSeries': [], 'isFNOSec': True, 'isCASec': False, 'isSLBSec': True, 'isDebtSec': False, 'isSuspended': False, 'tempSuspendedSeries': [], 'isETFSec': False, 'isDelisted': False, 'isin': 'INE155A01022', 'slb_isin': 'INE155A01022', 'listingDate': '1998-07-22', 'isMunicipalBond': False, 'isHybridSymbol': False, 'segment': 'EQUITY', 'quotepreopenstatus': {'equityTime': '13-Mar-2026 16:00:00', 'preOpenTime': '13-Mar-2026 09:07:56', 'QuotePreOpenFlag': False}}"
0,HINDUNILVR,HINDUNILVREQN,2136.0,2191.9,2120.3,2161.8,2136.9,24.9,1.17,1913176452636.79,2750.0,2109.3,2298875,0,4979156351.25,,21.389090909090903,-2.4889773858626083,-0.6,-6.22,13-Mar-2025,13-Feb-2026,https://nsearchives.nseindia.com/today/HINDUNILVREQN.svg,https://nsearchives.nseindia.com/30d/HINDUNILVR-EQ.svg,https://nsearchives.nseindia.com/365d/HINDUNILVR-EQ.svg,EQ,"{'symbol': 'HINDUNILVR', 'companyName': 'Hindustan Unilever Limited', 'industry': 'Diversified FMCG', 'activeSeries': ['EQ', 'T0'], 'debtSeries': [], 'isFNOSec': True, 'isCASec': False, 'isSLBSec': True, 'isDebtSec': False, 'isSuspended': False, 'tempSuspendedSeries': [], 'isETFSec': False, 'isDelisted': False, 'isin': 'INE030A01027', 'slb_isin': 'INE030A01027', 'listingDate': '1995-07-06', 'isMunicipalBond': False, 'isHybridSymbol': False, 'segment': 'EQUITY', 'quotepreopenstatus': {'equityTime': '13-Mar-2026 16:00:00', 'preOpenTime': '13-Mar-2026 09:07:56', 'QuotePreOpenFlag': False}}"
0,ONGC,ONGCEQN,270.55,271.3,263.45,264.05,270.55,-6.5,-2.4,1022842365989.2,293.0,205.0,18411729,0,4891628160.72,,9.880546075085322,-28.80487804878049,17.13,-1.25,13-Mar-2025,13-Feb-2026,https://nsearchives.nseindia.com/today/ONGCEQN.svg,https://nsearchives.nseindia.com/30d/ONGC-EQ.svg,https://nsearchives.nseindia.com/365d/ONGC-EQ.svg,EQ,"{'symbol': 'ONGC', 'companyName': 'Oil & Natural Gas Corporation Limited', 'industry': 'Oil Exploration & Production', 'activeSeries': ['EQ', 'T0'], 'debtSeries': [], 'isFNOSec': True, 'isCASec': False, 'isSLBSec': True, 'isDebtSec': False, 'isSuspended': False, 'tempSuspendedSeries': [], 'isETFSec': False, 'isDelisted': False, 'isin': 'INE213A01029', 'slb_isin': 'INE213A01029', 'listingDate': '1995-07-19', 'isMunicipalBond': False, 'isHybridSymbol': False, 'segment': 'EQUITY', 'quotepreopenstatus': {'equityTime': '13-Mar-2026 16:00:00', 'preOpenTime': '13-Mar-2026 09:07:56', 'QuotePreOpenFlag': False}}"
0,SUNPHARMA,SUNPHARMAEQN,1822.0,1833.3,1797.0,1802.0,1825.3,-23.3,-1.28,1902769511557.42,1851.2,1548.0,2554627,0,4623951508.81,,2.6577355229040647,-16.40826873385013,7.04,6.16,13-Mar-2025,13-Feb-2026,https://nsearchives.nseindia.com/today/SUNPHARMAEQN.svg,https://nsearchives.nseindia.com/30d/SUNPHARMA-EQ.svg,https://nsearchives.nseindia.com/365d/SUNPHARMA-EQ.svg,EQ,"{'symbol': 'SUNPHARMA', 'companyName': 'Sun Pharmaceutical Industries Limited', 'industry': 'Pharmaceuticals', 'activeSeries': ['EQ'], 'debtSeries': [], 'isFNOSec': True, 'isCASec': False, 'isSLBSec': True, 'isDebtSec': False, 'isSuspended': False, 'tempSuspendedSeries': ['P1'], 'isETFSec': False, 'isDelisted': False, 'isin': 'INE044A01036', 'slb_isin': 'INE044A01036', 'listingDate': '1995-02-08', 'isMunicipalBond': False, 'isHybridSymbol': False, 'segment': 'EQUITY', 'quotepreopenstatus': {'equityTime': '13-Mar-2026 16:00:00', 'preOpenTime': '13-Mar-2026 09:07:56', 'QuotePreOpenFlag': False}}"
0,TRENT,TRENTEQN,3509.9,3583.6,3470.2,3500.0,3533.6,-33.6,-0.95,774375221950.7,6261.0,3470.2,1215870,0,4288251903.0,,44.098386839163076,-0.858740130251864,-30.31,-17.69,13-Mar-2025,13-Feb-2026,https://nsearchives.nseindia.com/today/TRENTEQN.svg,https://nsearchives.nseindia.com/30d/TRENT-EQ.svg,https://nsearchives.nseindia.com/365d/TRENT-EQ.svg,EQ,"{'symbol': 'TRENT', 'companyName': 'Trent Limited', 'industry': 'Speciality Retail', 'activeSeries': ['EQ', 'T0'], 'debtSeries': [], 'isFNOSec': True, 'isCASec': False, 'isSLBSec': True, 'isDebtSec': False, 'isSuspended': False, 'tempSuspendedSeries': ['N1', 'Q1', 'Q2', 'W1', 'IL'], 'isETFSec': False, 'isDelisted': False, 'isin': 'INE849A01020', 'slb_isin': 'INE849A01020', 'listingDate': '2004-06-07', 'isMunicipalBond': False, 'isHybridSymbol': False, 'segment': 'EQUITY', 'quotepreopenstatus': {'equityTime': '13-Mar-2026 16:00:00', 'preOpenTime': '13-Mar-2026 09:07:56', 'QuotePreOpenFlag': False}}"
0,BAJAJ-AUTO,BAJAJ-AUTOEQN,9075.0,9119.5,8832.5,8875.0,9162.0,-287.0,-3.13,982076863839.52,10187.0,7089.35,435631,0,3877764990.19,,12.879159713360165,-25.18778167250876,18.26,-9.07,13-Mar-2025,13-Feb-2026,https://nsearchives.nseindia.com/today/BAJAJ-AUTOEQN.svg,https://nsearchives.nseindia.com/30d/BAJAJ-AUTO-EQ.svg,https://nsearchives.nseindia.com/365d/BAJAJ-AUTO-EQ.svg,EQ,"{'symbol': 'BAJAJ-AUTO', 'companyName': 'Bajaj Auto Limited', 'industry': '2/3 Wheelers', 'activeSeries': ['EQ', 'T0'], 'debtSeries': [], 'isFNOSec': True, 'isCASec': False, 'isSLBSec': True, 'isDebtSec': False, 'isSuspended': False, 'tempSuspendedSeries': [], 'isETFSec': False, 'isDelisted': False, 'isin': 'INE917I01010', 'slb_isin': 'INE917I01010', 'listingDate': '2008-05-26', 'isMunicipalBond': False, 'isHybridSymbol': False, 'segment': 'EQUITY', 'quotepreopenstatus': {'equityTime': '13-Mar-2026 16:00:00', 'preOpenTime': '13-Mar-2026 09:07:56', 'QuotePreOpenFlag': False}}"
0,ADANIPORTS,ADANIPORTSEQN,1388.7,1390.0,1354.0,1368.8,1391.5,-22.7,-1.63,1006976001457.08,1584.0,1041.5,2688559,0,3670393861.21,,13.585858585858588,-31.425828132501195,22.3,-9.89,13-Mar-2025,13-Feb-2026,https://nsearchives.nseindia.com/today/ADANIPORTSEQN.svg,https://nsearchives.nseindia.com/30d/ADANIPORTS-EQ.svg,https://nsearchives.nseindia.com/365d/ADANIPORTS-EQ.svg,EQ,"{'symbol': 'ADANIPORTS', 'companyName': 'Adani Ports and Special Economic Zone Limited', 'industry': 'Port & Port services', 'activeSeries': ['EQ', 'T0'], 'debtSeries': [], 'isFNOSec': True, 'isCASec': False, 'isSLBSec': True, 'isDebtSec': False, 'isSuspended': False, 'tempSuspendedSeries': [], 'isETFSec': False, 'isDelisted': False, 'isin': 'INE742F01042', 'slb_isin': 'INE742F01042', 'listingDate': '2007-11-27', 'isMunicipalBond': False, 'isHybridSymbol': False, 'segment': 'EQUITY', 'quotepreopenstatus': {'equityTime': '13-Mar-2026 16:00:00', 'preOpenTime': '13-Mar-2026 09:07:56', 'QuotePreOpenFlag': False}}"
0,TITAN,TITANEQN,4091.0,4147.2,4046.0,4072.5,4129.6,-57.1,-1.38,1676222345910.49,4378.4,2925.0,868825,0,3553911286.0,,6.986570436689194,-39.23076923076923,35.29,-2.55,13-Mar-2025,13-Feb-2026,https://nsearchives.nseindia.com/today/TITANEQN.svg,https://nsearchives.nseindia.com/30d/TITAN-EQ.svg,https://nsearchives.nseindia.com/365d/TITAN-EQ.svg,EQ,"{'symbol': 'TITAN', 'companyName': 'Titan Company Limited', 'industry': 'Gems Jewellery And Watches', 'activeSeries': ['EQ', 'T0'], 'debtSeries': [], 'isFNOSec': True, 'isCASec': False, 'isSLBSec': True, 'isDebtSec': False, 'isSuspended': False, 'tempSuspendedSeries': ['N1', 'IL'], 'isETFSec': False, 'isDelisted': False, 'isin': 'INE280A01028', 'slb_isin': 'INE280A01028', 'listingDate': '2004-09-24', 'isMunicipalBond': False, 'isHybridSymbol': False, 'segment': 'EQUITY', 'quotepreopenstatus': {'equityTime': '13-Mar-2026 16:00:00', 'preOpenTime': '13-Mar-2026 09:07:56', 'QuotePreOpenFlag': False}}"
0,GRASIM,GRASIMEQN,2655.0,2664.0,2563.1,2570.0,2673.1,-103.1,-3.86,979057308193.79,2979.0,2363.3,1309585,0,3421015799.65,,13.729439409197717,-8.746244657893614,8.43,-11.01,13-Mar-2025,13-Feb-2026,https://nsearchives.nseindia.com/today/GRASIMEQN.svg,https://nsearchives.nseindia.com/30d/GRASIM-EQ.svg,https://nsearchives.nseindia.com/365d/GRASIM-EQ.svg,EQ,"{'symbol': 'GRASIM', 'companyName': 'Grasim Industries Limited', 'industry': 'Cement & Cement Products', 'activeSeries': ['EQ'], 'debtSeries': [], 'isFNOSec': True, 'isCASec': False, 'isSLBSec': True, 'isDebtSec': False, 'isSuspended': False, 'tempSuspendedSeries': ['IL'], 'isETFSec': False, 'isDelisted': False, 'isin': 'INE047A01021', 'slb_isin': 'INE047A01021', 'listingDate': '1995-05-10', 'isMunicipalBond': False, 'isHybridSymbol': False, 'segment': 'EQUITY', 'quotepreopenstatus': {'equityTime': '13-Mar-2026 16:00:00', 'preOpenTime': '13-Mar-2026 09:07:56', 'QuotePreOpenFlag': False}}"
0,MAXHEALTH,MAXHEALTHEQN,1014.0,1020.8,985.3,991.0,1020.4,-29.4,-2.88,735155919853.36,1314.3,933.8,3267535,0,3257863096.4,,24.598645666894924,-6.125508674234316,0.03,-5.94,13-Mar-2025,13-Feb-2026,https://nsearchives.nseindia.com/today/MAXHEALTHEQN.svg,https://nsearchives.nseindia.com/30d/MAXHEALTH-EQ.svg,https://nsearchives.nseindia.com/365d/MAXHEALTH-EQ.svg,EQ,"{'symbol': 'MAXHEALTH', 'companyName': 'Max Healthcare Institute Limited', 'industry': 'Hospital', 'activeSeries': ['EQ', 'T0'], 'debtSeries': [], 'isFNOSec': True, 'isCASec': False, 'isSLBSec': True, 'isDebtSec': False, 'isSuspended': False, 'tempSuspendedSeries': [], 'isETFSec': False, 'isDelisted': False, 'isin': 'INE027H01010', 'slb_isin': 'INE027H01010', 'listingDate': '2020-08-21', 'isMunicipalBond': False, 'isHybridSymbol': False, 'segment': 'EQUITY', 'quotepreopenstatus': {'equityTime': '13-Mar-2026 16:00:00', 'preOpenTime': '13-Mar-2026 09:07:56', 'QuotePreOpenFlag': False}}"
0,JIOFIN,JIOFINEQN,240.0,240.6,234.25,235.85,242.2,-6.35,-2.62,770980793981.22,338.6,203.1,13328248,0,3158794776.0,,30.345540460720624,-16.125061546036434,5.95,-10.65,13-Mar-2025,13-Feb-2026,https://nsearchives.nseindia.com/today/JIOFINEQN.svg,https://nsearchives.nseindia.com/30d/JIOFIN-EQ.svg,https://nsearchives.nseindia.com/365d/JIOFIN-EQ.svg,EQ,"{'symbol': 'JIOFIN', 'companyName': 'Jio Financial Services Limited', 'industry': 'Investment Company', 'activeSeries': ['EQ', 'T0'], 'debtSeries': [], 'isFNOSec': True, 'isCASec': False, 'isSLBSec': True, 'isDebtSec': False, 'isSuspended': False, 'tempSuspendedSeries': [], 'isETFSec': False, 'isDelisted': False, 'isin': 'INE758E01017', 'slb_isin': 'INE758E01017', 'listingDate': '2023-08-21', 'isMunicipalBond': False, 'isHybridSymbol': False, 'segment': 'EQUITY', 'quotepreopenstatus': {'equityTime': '13-Mar-2026 16:00:00', 'preOpenTime': '13-Mar-2026 09:07:56', 'QuotePreOpenFlag': False}}"
0,TATACONSUM,TATACONSUMEQN,1049.0,1093.9,1048.0,1082.0,1057.8,24.2,2.29,702546279469.95,1220.9,934.6,2855691,0,3084831645.84,,11.376853141125405,-15.771453028033381,14.36,-4.43,13-Mar-2025,13-Feb-2026,https://nsearchives.nseindia.com/today/TATACONSUMEQN.svg,https://nsearchives.nseindia.com/30d/TATACONSUM-EQ.svg,https://nsearchives.nseindia.com/365d/TATACONSUM-EQ.svg,EQ,"{'symbol': 'TATACONSUM', 'companyName': 'TATA CONSUMER PRODUCTS LIMITED', 'industry': 'Tea & Coffee', 'activeSeries': ['EQ', 'T0'], 'debtSeries': [], 'isFNOSec': True, 'isCASec': False, 'isSLBSec': True, 'isDebtSec': False, 'isSuspended': False, 'tempSuspendedSeries': [], 'isETFSec': False, 'isDelisted': False, 'isin': 'INE192A01025', 'slb_isin': 'INE192A01025', 'listingDate': '1998-11-18', 'isMunicipalBond': False, 'isHybridSymbol': False, 'segment': 'EQUITY', 'quotepreopenstatus': {'equityTime': '13-Mar-2026 16:00:00', 'preOpenTime': '13-Mar-2026 09:07:56', 'QuotePreOpenFlag': False}}"
0,APOLLOHOSP,APOLLOHOSPEQN,7556.0,7616.0,7485.5,7545.0,7574.5,-29.5,-0.39,774482493161.65,8099.5,6002.0,394082,0,2977920041.2,,6.846101611210568,-25.7080973008997,23.57,0.03,13-Mar-2025,13-Feb-2026,https://nsearchives.nseindia.com/today/APOLLOHOSPEQN.svg,https://nsearchives.nseindia.com/30d/APOLLOHOSP-EQ.svg,https://nsearchives.nseindia.com/365d/APOLLOHOSP-EQ.svg,EQ,"{'symbol': 'APOLLOHOSP', 'companyName': 'Apollo Hospitals Enterprise Limited', 'industry': 'Hospital', 'activeSeries': ['EQ'], 'debtSeries': [], 'isFNOSec': True, 'isCASec': False, 'isSLBSec': True, 'isDebtSec': False, 'isSuspended': False, 'tempSuspendedSeries': [], 'isETFSec': False, 'isDelisted': False, 'isin': 'INE437A01024', 'slb_isin': 'INE437A01024', 'listingDate': '1996-01-10', 'isMunicipalBond': False, 'isHybridSymbol': False, 'segment': 'EQUITY', 'quotepreopenstatus': {'equityTime': '13-Mar-2026 16:00:00', 'preOpenTime': '13-Mar-2026 09:07:56', 'QuotePreOpenFlag': False}}"
0,HCLTECH,HCLTECHEQN,1350.0,1356.7,1321.0,1329.1,1358.1,-29.0,-2.14,1398413059447.01,1780.1,1302.75,2190786,0,2927415884.64,,25.33565530026403,-2.0226444060640882,-13.4,-8.67,13-Mar-2025,13-Feb-2026,https://nsearchives.nseindia.com/today/HCLTECHEQN.svg,https://nsearchives.nseindia.com/30d/HCLTECH-EQ.svg,https://nsearchives.nseindia.com/365d/HCLTECH-EQ.svg,EQ,"{'symbol': 'HCLTECH', 'companyName': 'HCL Technologies Limited', 'industry': 'Computers - Software & Consulting', 'activeSeries': ['EQ', 'T0'], 'debtSeries': [], 'isFNOSec': True, 'isCASec': False, 'isSLBSec': True, 'isDebtSec': False, 'isSuspended': False, 'tempSuspendedSeries': [], 'isETFSec': False, 'isDelisted': False, 'isin': 'INE860A01027', 'slb_isin': 'INE860A01027', 'listingDate': '2000-01-06', 'isMunicipalBond': False, 'isHybridSymbol': False, 'segment': 'EQUITY', 'quotepreopenstatus': {'equityTime': '13-Mar-2026 16:00:00', 'preOpenTime': '13-Mar-2026 09:07:56', 'QuotePreOpenFlag': False}}"
0,JSWSTEEL,JSWSTEELEQN,1166.7,1169.2,1115.5,1120.0,1172.6,-52.6,-4.49,1049270346282.67,1284.7,905.2,2284551,0,2588030754.84,,12.820113645209,-23.7295625276182,11.87,-9.09,13-Mar-2025,13-Feb-2026,https://nsearchives.nseindia.com/today/JSWSTEELEQN.svg,https://nsearchives.nseindia.com/30d/JSWSTEEL-EQ.svg,https://nsearchives.nseindia.com/365d/JSWSTEEL-EQ.svg,EQ,"{'symbol': 'JSWSTEEL', 'companyName': 'JSW Steel Limited', 'industry': 'Iron & Steel', 'activeSeries': ['EQ', 'T0'], 'debtSeries': [], 'isFNOSec': True, 'isCASec': False, 'isSLBSec': True, 'isDebtSec': False, 'isSuspended': False, 'tempSuspendedSeries': ['P1', 'P2'], 'isETFSec': False, 'isDelisted': False, 'isin': 'INE019A01038', 'slb_isin': 'INE019A01038', 'listingDate': '2005-03-23', 'isMunicipalBond': False, 'isHybridSymbol': False, 'segment': 'EQUITY', 'quotepreopenstatus': {'equityTime': '13-Mar-2026 16:00:00', 'preOpenTime': '13-Mar-2026 09:07:56', 'QuotePreOpenFlag': False}}"
0,WIPRO,WIPROEQN,200.6,202.07,196.04,197.75,202.51,-4.76,-2.35,563118997262.84,277.7,193.03,12629652,0,2507996294.16,,28.790061217140796,-2.4452157695694963,-25.09,-7.63,13-Mar-2025,13-Feb-2026,https://nsearchives.nseindia.com/today/WIPROEQN.svg,https://nsearchives.nseindia.com/30d/WIPRO-EQ.svg,https://nsearchives.nseindia.com/365d/WIPRO-EQ.svg,EQ,"{'symbol': 'WIPRO', 'companyName': 'Wipro Limited', 'industry': 'Computers - Software & Consulting', 'activeSeries': ['EQ', 'T0'], 'debtSeries': [], 'isFNOSec': True, 'isCASec': False, 'isSLBSec': True, 'isDebtSec': False, 'isSuspended': False, 'tempSuspendedSeries': [], 'isETFSec': False, 'isDelisted': False, 'isin': 'INE075A01022', 'slb_isin': 'INE075A01022', 'listingDate': '1995-11-08', 'isMunicipalBond': False, 'isHybridSymbol': False, 'segment': 'EQUITY', 'quotepreopenstatus': {'equityTime': '13-Mar-2026 16:00:00', 'preOpenTime': '13-Mar-2026 09:07:56', 'QuotePreOpenFlag': False}}"
0,BAJAJFINSV,BAJAJFINSVEQN,1760.1,1779.2,1726.1,1750.8,1770.8,-20.0,-1.13,1000044837228.86,2195.0,1726.1,1390698,0,2435056570.08,,20.236902050113898,-1.4309715543711283,-3.13,-13.46,13-Mar-2025,13-Feb-2026,https://nsearchives.nseindia.com/today/BAJAJFINSVEQN.svg,https://nsearchives.nseindia.com/30d/BAJAJFINSV-EQ.svg,https://nsearchives.nseindia.com/365d/BAJAJFINSV-EQ.svg,EQ,"{'symbol': 'BAJAJFINSV', 'companyName': 'Bajaj Finserv Limited', 'industry': 'Holding Company', 'activeSeries': ['EQ', 'T0'], 'debtSeries': [], 'isFNOSec': True, 'isCASec': False, 'isSLBSec': True, 'isDebtSec': False, 'isSuspended': False, 'tempSuspendedSeries': [], 'isETFSec': False, 'isDelisted': False, 'isin': 'INE918I01026', 'slb_isin': 'INE918I01026', 'listingDate': '2008-05-26', 'isMunicipalBond': False, 'isHybridSymbol': False, 'segment': 'EQUITY', 'quotepreopenstatus': {'equityTime': '13-Mar-2026 16:00:00', 'preOpenTime': '13-Mar-2026 09:07:56', 'QuotePreOpenFlag': False}}"
0,ADANIENT,ADANIENTEQN,1999.9,2008.6,1945.0,1960.0,2002.0,-42.0,-2.1,509079664869.7,2616.5,1848.0,1195448,0,2357602773.2,,25.090770112746036,-6.0606060606060606,-9.11,-8.27,13-Mar-2025,13-Feb-2026,https://nsearchives.nseindia.com/today/ADANIENTEQN.svg,https://nsearchives.nseindia.com/30d/ADANIENT-EQ.svg,https://nsearchives.nseindia.com/365d/ADANIENT-EQ.svg,EQ,"{'symbol': 'ADANIENT', 'companyName': 'Adani Enterprises Limited', 'industry': 'Trading - Minerals', 'activeSeries': ['EQ', 'T0'], 'debtSeries': [], 'isFNOSec': True, 'isCASec': False, 'isSLBSec': True, 'isDebtSec': True, 'isSuspended': False, 'tempSuspendedSeries': [], 'isETFSec': False, 'isDelisted': False, 'isin': 'INE423A01024', 'slb_isin': 'INE423A01024', 'listingDate': '1997-06-04', 'isMunicipalBond': False, 'isHybridSymbol': False, 'segment': 'EQUITY', 'quotepreopenstatus': {'equityTime': '13-Mar-2026 16:00:00', 'preOpenTime': '13-Mar-2026 09:07:56', 'QuotePreOpenFlag': False}}"
0,ASIANPAINT,ASIANPAINTEQN,2204.7,2219.7,2190.0,2194.1,2221.2,-27.1,-1.22,989354803247.82,2985.7,2162.6,949233,0,2090106650.37,,26.513045516964194,-1.4565800425413855,-1.67,-7.28,13-Mar-2025,13-Feb-2026,https://nsearchives.nseindia.com/today/ASIANPAINTEQN.svg,https://nsearchives.nseindia.com/30d/ASIANPAINT-EQ.svg,https://nsearchives.nseindia.com/365d/ASIANPAINT-EQ.svg,EQ,"{'symbol': 'ASIANPAINT', 'companyName': 'Asian Paints Limited', 'industry': 'Paints', 'activeSeries': ['EQ', 'T0'], 'debtSeries': [], 'isFNOSec': True, 'isCASec': False, 'isSLBSec': True, 'isDebtSec': False, 'isSuspended': False, 'tempSuspendedSeries': [], 'isETFSec': False, 'isDelisted': False, 'isin': 'INE021A01026', 'slb_isin': 'INE021A01026', 'listingDate': '1995-05-31', 'isMunicipalBond': False, 'isHybridSymbol': False, 'segment': 'EQUITY', 'quotepreopenstatus': {'equityTime': '13-Mar-2026 16:00:00', 'preOpenTime': '13-Mar-2026 09:07:56', 'QuotePreOpenFlag': False}}"
0,NESTLEIND,NESTLEINDEQN,1219.0,1238.6,1200.6,1202.1,1220.8,-18.7,-1.53,859503417382.1,1340.4,1074.0,1681371,0,2046901055.4,,10.317815577439584,-11.92737430167597,9.68,-6.28,13-Mar-2025,13-Feb-2026,https://nsearchives.nseindia.com/today/NESTLEINDEQN.svg,https://nsearchives.nseindia.com/30d/NESTLEIND-EQ.svg,https://nsearchives.nseindia.com/365d/NESTLEIND-EQ.svg,EQ,"{'symbol': 'NESTLEIND', 'companyName': 'Nestle India Limited', 'industry': 'Packaged Foods', 'activeSeries': ['EQ', 'T0'], 'debtSeries': [], 'isFNOSec': True, 'isCASec': False, 'isSLBSec': True, 'isDebtSec': False, 'isSuspended': False, 'tempSuspendedSeries': [], 'isETFSec': False, 'isDelisted': False, 'isin': 'INE239A01024', 'slb_isin': 'INE239A01024', 'listingDate': '2023-08-01', 'isMunicipalBond': False, 'isHybridSymbol': False, 'segment': 'EQUITY', 'quotepreopenstatus': {'equityTime': '13-Mar-2026 16:00:00', 'preOpenTime': '13-Mar-2026 09:07:56', 'QuotePreOpenFlag': False}}"
0,DRREDDY,DRREDDYEQN,1310.0,1319.9,1280.9,1290.0,1319.0,-29.0,-2.2,783924701618.03,1379.7,1020.0,1574522,0,2041603951.3,,6.501413350728422,-26.470588235294116,16.43,1.73,13-Mar-2025,13-Feb-2026,https://nsearchives.nseindia.com/today/DRREDDYEQN.svg,https://nsearchives.nseindia.com/30d/DRREDDY-EQ.svg,https://nsearchives.nseindia.com/365d/DRREDDY-EQ.svg,EQ,"{'symbol': 'DRREDDY', 'companyName': ""Dr. Reddy's Laboratories Limited"", 'industry': 'Pharmaceuticals', 'activeSeries': ['EQ', 'T0'], 'debtSeries': [], 'isFNOSec': True, 'isCASec': False, 'isSLBSec': True, 'isDebtSec': False, 'isSuspended': False, 'tempSuspendedSeries': ['N1'], 'isETFSec': False, 'isDelisted': False, 'isin': 'INE089A01031', 'slb_isin': 'INE089A01031', 'listingDate': '2003-05-30', 'isMunicipalBond': False, 'isHybridSymbol': False, 'segment': 'EQUITY', 'quotepreopenstatus': {'equityTime': '13-Mar-2026 16:00:00', 'preOpenTime': '13-Mar-2026 09:07:56', 'QuotePreOpenFlag': False}}"
0,HDFCLIFE,HDFCLIFEEQN,638.25,640.6,624.0,624.6,645.7,-21.1,-3.27,669423362957.39,820.75,619.45,3167065,0,1998766392.15,,23.898872982028628,-0.8313826781822548,0.35,-10.36,13-Mar-2025,13-Feb-2026,https://nsearchives.nseindia.com/today/HDFCLIFEEQN.svg,https://nsearchives.nseindia.com/30d/HDFCLIFE-EQ.svg,https://nsearchives.nseindia.com/365d/HDFCLIFE-EQ.svg,EQ,"{'symbol': 'HDFCLIFE', 'companyName': 'HDFC Life Insurance Company Limited', 'industry': 'Life Insurance', 'activeSeries': ['EQ', 'T0'], 'debtSeries': [], 'isFNOSec': True, 'isCASec': False, 'isSLBSec': True, 'isDebtSec': True, 'isSuspended': False, 'tempSuspendedSeries': [], 'isETFSec': False, 'isDelisted': False, 'isin': 'INE795G01014', 'slb_isin': 'INE795G01014', 'listingDate': '2017-11-17', 'isMunicipalBond': False, 'isHybridSymbol': False, 'segment': 'EQUITY', 'quotepreopenstatus': {'equityTime': '13-Mar-2026 16:00:00', 'preOpenTime': '13-Mar-2026 09:07:56', 'QuotePreOpenFlag': False}}"
0,SBILIFE,SBILIFEEQN,1932.5,1938.9,1900.4,1908.8,1939.4,-30.6,-1.58,854632092816.98,2132.0,1382.65,989732,0,1891625285.0,,10.469043151969982,-38.053737388348445,37.76,-6.16,13-Mar-2025,13-Feb-2026,https://nsearchives.nseindia.com/today/SBILIFEEQN.svg,https://nsearchives.nseindia.com/30d/SBILIFE-EQ.svg,https://nsearchives.nseindia.com/365d/SBILIFE-EQ.svg,EQ,"{'symbol': 'SBILIFE', 'companyName': 'SBI Life Insurance Company Limited', 'industry': 'Life Insurance', 'activeSeries': ['EQ'], 'debtSeries': [], 'isFNOSec': True, 'isCASec': False, 'isSLBSec': True, 'isDebtSec': False, 'isSuspended': False, 'tempSuspendedSeries': [], 'isETFSec': False, 'isDelisted': False, 'isin': 'INE123W01016', 'slb_isin': 'INE123W01016', 'listingDate': '2017-10-03', 'isMunicipalBond': False, 'isHybridSymbol': False, 'segment': 'EQUITY', 'quotepreopenstatus': {'equityTime': '13-Mar-2026 16:00:00', 'preOpenTime': '13-Mar-2026 09:07:56', 'QuotePreOpenFlag': False}}"
0,CIPLA,CIPLAEQN,1324.3,1327.5,1301.0,1315.1,1324.3,-9.2,-0.69,737864111726.69,1673.0,1281.7,1346347,0,1770109718.25,,21.392707710699348,-2.6059140204415905,-10.04,-1.23,13-Mar-2025,13-Feb-2026,https://nsearchives.nseindia.com/today/CIPLAEQN.svg,https://nsearchives.nseindia.com/30d/CIPLA-EQ.svg,https://nsearchives.nseindia.com/365d/CIPLA-EQ.svg,EQ,"{'symbol': 'CIPLA', 'companyName': 'Cipla Limited', 'industry': 'Pharmaceuticals', 'activeSeries': ['EQ', 'T0'], 'debtSeries': [], 'isFNOSec': True, 'isCASec': False, 'isSLBSec': True, 'isDebtSec': False, 'isSuspended': False, 'tempSuspendedSeries': [], 'isETFSec': False, 'isDelisted': False, 'isin': 'INE059A01026', 'slb_isin': 'INE059A01026', 'listingDate': '1995-02-08', 'isMunicipalBond': False, 'isHybridSymbol': False, 'segment': 'EQUITY', 'quotepreopenstatus': {'equityTime': '13-Mar-2026 16:00:00', 'preOpenTime': '13-Mar-2026 09:07:56', 'QuotePreOpenFlag': False}}"
0,TECHM,TECHMEQN,1342.5,1342.5,1319.8,1332.0,1349.8,-17.8,-1.32,843319647851.8,1854.0,1209.4,1150005,0,1529598650.4,,28.155339805825243,-10.137258144534472,-7.54,-13.19,13-Mar-2025,13-Feb-2026,https://nsearchives.nseindia.com/today/TECHMEQN.svg,https://nsearchives.nseindia.com/30d/TECHM-EQ.svg,https://nsearchives.nseindia.com/365d/TECHM-EQ.svg,EQ,"{'symbol': 'TECHM', 'companyName': 'Tech Mahindra Limited', 'industry': 'Computers - Software & Consulting', 'activeSeries': ['EQ'], 'debtSeries': [], 'isFNOSec': True, 'isCASec': False, 'isSLBSec': True, 'isDebtSec': False, 'isSuspended': False, 'tempSuspendedSeries': [], 'isETFSec': False, 'isDelisted': False, 'isin': 'INE669C01036', 'slb_isin': 'INE669C01036', 'listingDate': '2006-08-28', 'isMunicipalBond': False, 'isHybridSymbol': False, 'segment': 'EQUITY', 'quotepreopenstatus': {'equityTime': '13-Mar-2026 16:00:00', 'preOpenTime': '13-Mar-2026 09:07:56', 'QuotePreOpenFlag': False}}"
